{"read_duration": 3.3775545449752826, "inference_duration": 60.89356049714843, "write_duration": 0.0012318288208916783, "total_duration": 64.2723468709446, "sample_count": 23245}