{"read_duration": 49.81320162801421, "inference_duration": 103.7010542400385, "write_duration": 0.005483889937750064, "total_duration": 153.51973975799046, "sample_count": 23245}