{
  "french": {
    "x": -2.525516959423452,
    "y": -0.8112256933306597
  },
  "ukrainian": {
    "x": 3.191844585537968,
    "y": 1.2819475272697605
  },
  "swiss": {
    "x": -1.8705510136430912,
    "y": -0.32465184149031157
  },
  "british": {
    "x": -3.048743181633651,
    "y": 2.3092965159832346
  },
  "american": {
    "x": -7.235787085788372,
    "y": -1.7976203941196065
  },
  "russian": {
    "x": 5.9373438771061195,
    "y": 2.926873132937773
  },
  "spanish": {
    "x": -3.0325967433531478,
    "y": -2.148544512823521
  },
  "german": {
    "x": -1.4679437899264318,
    "y": 1.8009155725810757
  },
  "dutch": {
    "x": -1.9916241812680617,
    "y": 2.0934101290938756
  },
  "belgian": {
    "x": -2.4502067467309736,
    "y": 1.2710424509810982
  },
  "swedish": {
    "x": 1.7762423478347402,
    "y": 3.0061580474288947
  },
  "italian": {
    "x": -0.9262492735387551,
    "y": -1.8729536545906622
  },
  "flemish": {
    "x": -2.186887818629335,
    "y": 1.7759492378237134
  },
  "canadian": {
    "x": -6.473907164788085,
    "y": 2.9985044152296787
  },
  "czech": {
    "x": 1.3980127387984487,
    "y": 1.5419363018379648
  },
  "jewish": {
    "x": 3.4404685289231156,
    "y": -2.9763690560448586
  },
  "romanian": {
    "x": 2.7038794512086475,
    "y": -0.9888211381885649
  },
  "portuguese": {
    "x": -3.893120096535182,
    "y": -2.3841275128334902
  },
  "brazilian": {
    "x": -5.389333690778502,
    "y": -5.085473236612394
  },
  "norwegian": {
    "x": 1.629846658169435,
    "y": 3.2050535602517884
  },
  "austrian": {
    "x": 0.8794840973389866,
    "y": 0.9304205476666926
  },
  "greek": {
    "x": 2.6267970520687816,
    "y": -2.3402378825304004
  },
  "south-african": {
    "x": 2.9148563521359288,
    "y": -5.757115868332678
  },
  "mexican": {
    "x": -6.699952633551701,
    "y": -3.514326137873019
  },
  "armenian": {
    "x": 3.999125721931935,
    "y": -2.129618477143556
  },
  "hungarian": {
    "x": 2.0911804523204416,
    "y": 0.7124510900582066
  },
  "chinese": {
    "x": 6.112641896640085,
    "y": -2.444022424465518
  },
  "polish": {
    "x": 2.096399753648624,
    "y": 1.9443679736826311
  },
  "georgian": {
    "x": 3.913940086131885,
    "y": -1.8439236293318602
  },
  "lithuanian": {
    "x": 2.5920442428084063,
    "y": 2.3529255189515283
  },
  "estonian": {
    "x": 2.7166317392122914,
    "y": 2.682062772757824
  },
  "turkish": {
    "x": 3.4447048743953563,
    "y": -2.263229121872286
  },
  "danish": {
    "x": -1.3378625964600348,
    "y": 2.420881344908191
  },
  "cuban": {
    "x": -6.1216189044106075,
    "y": -3.641027433918393
  },
  "slovenian": {
    "x": 1.2701676438633847,
    "y": -0.8464831319058419
  },
  "irish": {
    "x": -3.4009970860126537,
    "y": 2.1155047813448062
  },
  "colombian": {
    "x": -5.965465273565404,
    "y": -4.4384376794200895
  },
  "iraqi": {
    "x": 3.9372710426071795,
    "y": -2.8482867601827566
  },
  "japanese": {
    "x": 6.8403104306159,
    "y": -2.605797009422279
  }
}